"ZEHUT","ZEHUT_KODEMET","SUG_ZEHUT","FAMILY","NAME","ADDRESS","MIKUD","E_MAIL","YSHUV","TELEPHON","KIDOMET","TELEPHON_SELUL","KIDOMET_SELUL","RISHUM","SHANA","SEMESTER","DATE_RISHUM","HUG_TOAR1","MEMUZA1","HUG_TOAR2","MEMUZA2","MEM_TOAR","HUG_LIMUD1","MEMUZA_HUG1","HUG_LIMUD2","MEMUZA_HUG2","MOSAD","FACULTA","YEAR_LIMUD","A1_MIS_BAKASHA","A1_HUG_MEVUKASH","A1_RAMA","A1_B_DATE","A1_B_BAKASHA","A2_MIS_BAKASHA","A2_HUG_MEVUKASH","A2_RAMA","A2_B_DATE","A2_B_BAKASHA","A3_MIS_BAKASHA","A3_HUG_MEVUKASH","A3_RAMA","A3_B_DATE","A3_B_BAKASHA","A4_MIS_BAKASHA","A4_HUG_MEVUKASH","A4_RAMA","A4_B_DATE","A4_B_BAKASHA","A5_MIS_BAKASHA","A5_HUG_MEVUKASH","A5_RAMA","A5_B_DATE","A5_B_BAKASHA","RAMAT_IVRIT","RAMAT_ANGLIT","OLD_E_MAIL","L_FAMILY","LNAME","VATIK","HUL"
"01179156-3","00000000","1","ןובלפא","הלסרמ","רופילק , דייסרביר 19912 המאייוק","0092508","marcela.epelbon@mail.huji.ac.il ","1","6764087","02 ","4588005","054","1","2022","2","18052021","201","","530","","7603","","","","","01","01","2000","1","245","11","09062021","18052021","","","","","","","","","","","","","","","","","","","","","","P","marcela.epelbon@gmail.com ","Epelbon ","Marcela ","1 ","0"
"01179152-3","00000000","1","ןובלפא","הלסרמ","רופילק , דייסרביר 19912 המאייוק","0092508","marcela.epelbon@mail.huji.ac.il ","1","6764087","02 ","4588005","054","1","2022","1","18052021","230","","240","","7603","","","","","01","01","2000","1","245","11","09062021","18052021","","","","","","","","","","","","","","","","","","","","","","P","marcela.epelbon@gmail.com ","Epelbon ","Marcela ","1 ","0"
